username,account_age_days,total_karma,link_karma,comment_karma,is_gold,is_mod,post_count,image_post_count,total_images,first_post_date,last_post_date
Special_Sherbert_925,765,8,7,1,False,False,1,1,1,2025-11-13T11:37:18,2025-11-13T11:37:18
ShoddyInteraction126,738,340,233,107,False,False,1,1,1,2025-11-04T11:58:10,2025-11-04T11:58:10
Far_Guarantee_9734,1413,7,6,1,False,False,1,1,1,2025-10-30T01:07:35,2025-10-30T01:07:35
A313-Isoke,1189,20523,822,19701,False,False,2,2,2,2025-06-16T13:50:35,2025-09-25T03:25:40
Realistic-Ad6287,1764,672,213,459,False,False,1,1,1,2025-07-28T21:28:49,2025-07-28T21:28:49
OddStandard8458,135,4,1,3,False,False,1,1,1,2025-07-15T20:45:17,2025-07-15T20:45:17
Negative-Cow-2808,528,7129,815,6314,False,False,1,1,1,2025-07-11T04:43:30,2025-07-11T04:43:30
AcrobaticButterfly67,1844,2544,146,2398,False,True,1,1,1,2025-06-17T20:55:40,2025-06-17T20:55:40
bratmitzvah420,1551,80,18,62,False,False,1,1,1,2025-06-12T07:43:01,2025-06-12T07:43:01
glitterenthusiast76,2449,13594,11573,2021,False,False,1,1,1,2025-03-06T02:43:30,2025-03-06T02:43:30
Rorschachs_Intern,1799,405,234,171,False,False,1,1,1,2025-01-25T09:03:08,2025-01-25T09:03:08
Outrageous_Elk79,782,86,31,55,False,False,1,1,1,2024-11-30T08:17:13,2024-11-30T08:17:13
Art_is_healing,1669,8870,455,8415,False,False,2,2,2,2024-09-08T08:02:45,2024-11-29T08:11:40
Bravo72,4898,15618,5242,10376,False,True,1,1,1,2024-11-15T02:14:08,2024-11-15T02:14:08
maafna,4139,85791,9780,76011,False,True,1,1,1,2024-08-10T21:03:20,2024-08-10T21:03:20
johncara1,2001,169,129,40,False,False,1,1,1,2024-02-04T05:43:10,2024-02-04T05:43:10
ArseniKatsela,836,11,11,0,False,False,1,1,1,2023-08-09T19:41:13,2023-08-09T19:41:13
Carbon_is_Neat,5186,42951,22527,20424,False,False,2,2,4,2023-07-17T20:55:21,2023-07-20T21:37:29
AviculariaBee,1243,3769,551,3218,False,False,1,1,2,2023-07-20T21:12:07,2023-07-20T21:12:07
lil_urban_achiever,2133,2121,1723,398,False,False,2,2,4,2023-07-18T04:52:01,2023-07-20T05:03:55
Mysterious_Presence_,1020,11032,9307,1725,False,True,1,1,2,2023-07-19T22:09:05,2023-07-19T22:09:05
OnionHeaded,1253,25451,12905,12546,False,False,4,4,8,2023-07-17T12:09:32,2023-07-18T16:00:31
GuestFirm3455,1128,2173,2130,43,False,False,1,1,2,2023-07-18T00:10:43,2023-07-18T00:10:43
MysteriousDream4413,396,1404,979,425,False,False,5,5,12,2025-11-01T17:51:41,2025-11-23T07:20:33
tespacepoint,2928,80556,74587,5969,False,True,1,1,2,2025-11-23T03:52:21,2025-11-23T03:52:21
rosalinagloom,278,37215,22388,14827,False,False,2,2,3,2025-11-14T01:03:59,2025-11-22T09:34:07
UrLocalAutisticRat,325,2282,1799,483,False,False,6,6,12,2025-11-18T12:14:19,2025-11-20T12:10:43
MageGirlStank,37,6685,2125,4560,False,False,1,1,2,2025-11-19T19:14:24,2025-11-19T19:14:24
BaDDDonnie,1156,3585,2426,1159,False,False,1,1,2,2025-11-17T09:37:20,2025-11-17T09:37:20
Same-Rabbit2531,1469,1241,756,485,False,True,1,1,3,2025-11-15T11:35:45,2025-11-15T11:35:45
RepresentativeRub471,1708,78133,12671,65462,False,True,1,1,2,2025-11-12T10:28:47,2025-11-12T10:28:47
D15TURB1NG_45HL3Y,40,1356,1270,86,False,False,2,2,4,2025-11-09T06:05:05,2025-11-12T04:24:48
venicedoom,2323,6589,6375,214,False,False,1,1,2,2025-11-09T19:59:33,2025-11-09T19:59:33
Impressive-Plan1461,380,715,674,41,False,False,1,1,2,2025-11-09T14:05:46,2025-11-09T14:05:46
Majoriexabyss,1564,13229,6711,6518,False,False,1,1,2,2025-11-08T10:23:43,2025-11-08T10:23:43
OfficerLollipop,3814,213710,139601,74109,False,True,1,1,2,2025-11-07T03:45:18,2025-11-07T03:45:18
Certain-Slice-7349,1321,38,29,9,False,False,1,1,1,2025-11-07T02:13:16,2025-11-07T02:13:16
Sea_Sky2946,468,480,306,174,False,False,1,1,2,2025-11-05T22:15:07,2025-11-05T22:15:07
Chat-THC,906,5060,2671,2389,False,False,1,1,2,2025-11-04T08:23:13,2025-11-04T08:23:13
NoExternal5211,503,21551,847,20704,False,False,1,1,3,2025-10-31T15:38:08,2025-10-31T15:38:08
Exciting-Archer6802,56,94,81,13,False,False,1,1,2,2025-10-31T09:17:23,2025-10-31T09:17:23
DazzlingCelery6853,587,72548,67324,5224,False,False,1,1,2,2025-11-23T05:35:10,2025-11-23T05:35:10
nottoday943,1846,77622,65623,11999,False,False,1,1,2,2025-11-23T04:34:17,2025-11-23T04:34:17
call-me-kleine,578,47028,28013,19015,False,True,1,1,2,2025-11-23T01:37:59,2025-11-23T01:37:59
tahrah11,2466,145775,136496,9279,False,False,1,1,2,2025-11-23T00:28:26,2025-11-23T00:28:26
WinterDemon_,2819,96179,62157,34022,False,False,2,2,4,2025-11-21T21:03:02,2025-11-22T22:56:44
terechahakechooche,25,12591,11403,1188,False,False,2,2,4,2025-11-22T17:25:31,2025-11-22T21:29:50
Background_Active_36,1838,255559,238103,17456,False,False,1,1,2,2025-11-22T20:39:53,2025-11-22T20:39:53
Slim-Shadys-Fat-Tits,155,49542,1211,48331,False,False,2,2,4,2025-11-22T00:06:02,2025-11-22T18:30:46
That1weirdperson,2893,903114,732321,170793,False,True,6,6,12,2025-11-15T20:15:20,2025-11-22T16:05:38
brownha1rbrowneyes,2496,251234,243528,7706,False,False,1,1,2,2025-11-22T15:33:20,2025-11-22T15:33:20
RiverWindandMud,963,18473,6083,12390,False,False,1,1,2,2025-11-22T10:58:38,2025-11-22T10:58:38
AceLamina,1460,27487,10286,17201,False,False,1,1,2,2025-11-22T10:02:54,2025-11-22T10:02:54
Unusual_Tumbleweed69,941,8147,7061,1086,False,True,3,3,6,2025-11-22T01:13:47,2025-11-22T09:58:54
baffling-nerd-j,1325,29103,10610,18493,False,False,1,1,2,2025-11-22T07:54:55,2025-11-22T07:54:55
SuccessfulMaybe5744,100,6553,2853,3700,False,False,1,1,2,2025-11-22T07:43:02,2025-11-22T07:43:02
ProfessionalDirt3925,206,982,868,114,False,False,2,2,4,2025-11-21T12:54:43,2025-11-22T06:32:15
DorianPavass,2941,57139,11550,45589,False,False,1,1,2,2025-11-22T06:29:13,2025-11-22T06:29:13
Arafel2000,1231,2292,540,1752,False,False,1,1,1,2025-11-22T04:57:05,2025-11-22T04:57:05
tireddepressoadult,868,2617,1119,1498,False,False,2,2,8,2025-11-22T00:29:35,2025-11-22T17:33:43
Chase_The_Breeze,1276,350969,120680,230289,False,False,1,1,2,2025-11-21T23:14:25,2025-11-21T23:14:25
occlupanidae,2467,1425,1116,309,False,False,1,1,2,2025-11-21T20:32:26,2025-11-21T20:32:26
juneshepard,2201,53263,35267,17996,False,False,1,1,2,2025-11-21T10:03:55,2025-11-21T10:03:55
eggert83,11,749,705,44,False,False,1,1,2,2025-11-21T08:26:49,2025-11-21T08:26:49
venusplutoangel,390,5916,4845,1071,False,False,1,1,15,2025-11-23T10:43:32,2025-11-23T10:43:32
sober4lifee,1071,12900,9745,3155,False,False,6,6,12,2025-11-22T03:43:58,2025-11-23T09:09:30
dumbtiredslut,5,22,22,0,False,False,1,1,2,2025-11-23T08:06:47,2025-11-23T08:06:47
ShesSoViolet,639,10065,225,9840,False,False,1,1,2,2025-11-23T06:49:48,2025-11-23T06:49:48
Still-Dragonfly6352,1664,9550,6347,3203,False,False,2,2,4,2025-11-23T00:18:40,2025-11-23T04:10:49
DoubleAplusArcanine,1714,136389,108554,27835,False,False,1,1,2,2025-11-23T04:00:36,2025-11-23T04:00:36
coleisw4ck,926,2645875,2598798,47077,False,True,10,10,20,2025-11-22T03:34:33,2025-11-23T03:16:48
I_collect_dust,521,75155,67556,7599,False,False,1,1,1,2025-11-23T02:46:12,2025-11-23T02:46:12
LongjumpingRun6620,1455,41184,8448,32736,False,False,1,1,2,2025-11-23T02:26:19,2025-11-23T02:26:19
bnnypws,60,1400,1106,294,False,False,1,1,2,2025-11-22T22:27:57,2025-11-22T22:27:57
LNTF_08,1022,12852,11577,1275,False,False,1,1,2,2025-11-22T22:15:34,2025-11-22T22:15:34
redlightlover,16,25,25,0,False,False,1,1,2,2025-11-22T08:13:47,2025-11-22T08:13:47
Cor_Aine,91,412,110,302,False,False,1,1,2,2025-11-22T07:53:58,2025-11-22T07:53:58
itsbord3rlin3,22,1334,1260,74,False,False,1,1,2,2025-11-22T03:25:14,2025-11-22T03:25:14
adhd_memetherapy,2408,249500,245601,3899,False,False,2,2,4,2025-11-22T03:14:11,2025-11-23T07:55:02
netphilia,5489,2509597,2494106,15491,False,False,5,5,10,2025-11-20T22:04:13,2025-11-23T06:23:02
dropbear_dave,4983,24324,6653,17671,False,False,1,1,2,2025-11-23T05:04:29,2025-11-23T05:04:29
Daug3,1954,67520,27048,40472,False,False,1,1,2,2025-11-23T03:33:35,2025-11-23T03:33:35
newbeginnings187,1087,252588,230570,22018,False,False,3,3,6,2025-11-15T23:05:50,2025-11-23T00:18:51
karateninjazombie,3211,172876,27099,145777,False,False,1,1,2,2025-11-22T18:59:28,2025-11-22T18:59:28
Vaiken_Vox,2486,116373,84922,31451,False,False,1,1,2,2025-11-22T11:58:51,2025-11-22T11:58:51
LeNardOfficial,1851,414776,364770,50006,False,True,1,1,2,2025-11-22T08:11:36,2025-11-22T08:11:36
MoxxiiBlue,2758,16267,7365,8902,False,False,1,1,2,2025-11-22T05:58:35,2025-11-22T05:58:35
That-Hedgehog6633,169,9921,9516,405,False,False,2,2,4,2025-11-21T10:16:06,2025-11-22T05:32:23
ADHDinos_,1449,593090,580317,12773,False,True,1,1,2,2025-11-22T04:37:15,2025-11-22T04:37:15
Beautiful-Square-112,1090,97498,43208,54290,False,True,1,1,2,2025-11-22T04:28:48,2025-11-22T04:28:48
Sure-Ad-2465,1429,242614,186240,56374,False,False,1,1,2,2025-11-22T01:27:27,2025-11-22T01:27:27
TurbochargedSquirrel,2866,66169,912,65257,False,False,1,1,2,2025-11-22T01:24:11,2025-11-22T01:24:11
The_Lesbian_Lunatic,161,9469,5606,3863,False,False,1,1,2,2025-11-23T08:08:55,2025-11-23T08:08:55
Foundation1251,226,7333,7258,75,False,False,1,1,2,2025-11-23T01:12:59,2025-11-23T01:12:59
Hour-Bison765,584,199102,55900,143202,False,False,1,1,2,2025-11-22T06:28:29,2025-11-22T06:28:29
YourPernicious,96,35894,35053,841,False,False,2,2,4,2025-11-16T03:30:48,2025-11-21T07:39:46
SableBloom_,98,6804,6542,262,False,False,1,1,2,2025-11-20T13:00:25,2025-11-20T13:00:25
CoronaCurious,2843,165193,76217,88976,False,False,2,2,4,2025-11-19T23:14:08,2025-11-20T12:30:56
Valuable_Leave_7314,631,5120,2249,2871,False,False,1,1,2,2025-11-19T17:53:25,2025-11-19T17:53:25
Bogeyworman,1148,2055,1278,777,False,False,1,1,2,2025-11-19T17:14:06,2025-11-19T17:14:06
ImpressionUnfair8939,1101,8811,7927,884,False,False,2,2,4,2025-11-16T18:51:04,2025-11-19T10:34:35
semperquietus,1245,170164,119439,50725,False,False,1,1,2,2025-11-19T05:44:03,2025-11-19T05:44:03
Alphaxfusion,170,551299,539748,11551,False,False,1,1,2,2025-11-19T03:27:30,2025-11-19T03:27:30
WizzzzUp,1866,1051,817,234,False,False,1,1,2,2025-11-18T16:12:53,2025-11-18T16:12:53
Brilliant_Grand4394,136,2233,2071,162,False,False,1,1,2,2025-11-17T14:08:24,2025-11-17T14:08:24
whatstheirface859,150,1394,1241,153,False,False,1,1,2,2025-11-17T14:07:22,2025-11-17T14:07:22
Negative_Donkey9982,464,26313,22119,4194,False,False,1,1,2,2025-11-17T01:52:28,2025-11-17T01:52:28
Comfortable-Sky-7431,180,2339,2314,25,False,False,2,2,4,2025-11-15T02:56:41,2025-11-16T21:52:53
Advanced_Banana7363,1017,968,940,28,False,False,1,1,2,2025-11-16T11:23:36,2025-11-16T11:23:36
Churras_Tip,401,14099,9267,4832,False,False,2,2,4,2025-11-14T20:58:42,2025-11-16T10:47:33
deadmemesdeaderdream,2426,31561,16857,14704,False,True,1,1,2,2025-11-16T04:56:05,2025-11-16T04:56:05
CapacityBuilding,563,66184,12071,54113,False,False,1,1,2,2025-11-15T23:24:56,2025-11-15T23:24:56
Wonderful_Counter1,81,4128,3663,465,False,False,1,1,2,2025-11-13T20:40:07,2025-11-13T20:40:07
RiversinRio,184,19698,9156,10542,False,False,1,1,2,2025-11-13T06:44:14,2025-11-13T06:44:14
indiego3000,136,1509,1161,348,False,False,1,1,2,2025-11-12T09:24:19,2025-11-12T09:24:19
treatmyocd,821,1825,343,1482,False,True,1,1,2,2025-11-12T00:20:52,2025-11-12T00:20:52
ShokaLGBT,1167,773130,373772,399358,False,True,3,3,6,2025-11-16T00:28:32,2025-11-23T03:25:54
aaronstudds,2223,57905,37543,20362,False,True,1,1,2,2025-11-22T17:26:04,2025-11-22T17:26:04
_CaptainAmerica__,256,117066,81642,35424,False,True,1,1,2,2025-11-21T07:26:06,2025-11-21T07:26:06
j3nn4y,2644,5236,563,4673,False,True,1,1,2,2025-11-21T07:03:18,2025-11-21T07:03:18
That_Smol_Bean,2367,40860,12768,28092,False,True,1,1,2,2025-11-20T23:34:07,2025-11-20T23:34:07
Otherwise_Reaction75,1681,65020,33347,31673,False,True,1,1,2,2025-11-19T23:32:24,2025-11-19T23:32:24
Depressedknife,102,8974,1936,7038,False,True,1,1,2,2025-11-19T10:31:52,2025-11-19T10:31:52
dontcallsaull,1194,12099,10587,1512,False,False,1,1,1,2025-11-19T05:40:22,2025-11-19T05:40:22
Commercial_Cold1077,9,1840,1742,98,False,False,1,1,2,2025-11-19T05:25:01,2025-11-19T05:25:01
Awesomeuser90,2104,579066,454194,124872,False,True,1,1,2,2025-11-19T01:35:16,2025-11-19T01:35:16
welshirishscottsman,2645,12632,10840,1792,False,False,1,1,2,2025-11-18T18:44:48,2025-11-18T18:44:48
MassiveCheek2369,344,2566,2326,240,False,True,1,1,1,2025-11-18T11:20:00,2025-11-18T11:20:00
Fishy_smelly_goody,514,64259,43775,20484,False,False,1,1,1,2025-11-17T05:48:08,2025-11-17T05:48:08
iithinkithinktoomuch,625,761,573,188,False,True,1,1,2,2025-11-17T04:44:01,2025-11-17T04:44:01
Deimos7779,935,108181,38209,69972,False,False,1,1,2,2025-11-16T12:20:09,2025-11-16T12:20:09
KavuDare,1613,14292,11650,2642,False,True,1,1,2,2025-11-16T04:03:18,2025-11-16T04:03:18
Inevitable-Twist3845,1513,347,81,266,False,False,1,1,2,2025-11-16T03:03:04,2025-11-16T03:03:04
the_deep_fish,1879,55053,32735,22318,False,True,1,1,2,2025-11-16T01:24:29,2025-11-16T01:24:29
SelectShop9006,749,53078,18272,34806,False,True,1,1,2,2025-11-15T22:33:19,2025-11-15T22:33:19
Ok_Virus_270,254,11318,5769,5549,False,False,1,1,2,2025-11-15T22:16:16,2025-11-15T22:16:16
Interesting_Cod2763,341,5484,5339,145,False,False,1,1,2,2025-11-15T21:46:30,2025-11-15T21:46:30
Prior-Science-8545,1808,5050,4380,670,False,False,1,1,1,2025-11-15T14:17:56,2025-11-15T14:17:56
Working_Entrance_212,24,26,20,6,False,False,1,1,2,2025-11-15T13:52:51,2025-11-15T13:52:51
WesternTumbleweeds,1798,29021,8432,20589,False,True,2,2,4,2025-03-22T01:31:59,2025-11-08T03:26:09
Positive-Pillows,67,2897,2813,84,False,True,2,2,4,2025-09-22T05:05:31,2025-09-22T22:28:44
Addaurable23,1752,22,6,16,False,False,1,1,2,2025-09-05T04:44:18,2025-09-05T04:44:18
BallabeBallin,856,90,11,79,False,True,1,1,1,2025-09-01T06:47:34,2025-09-01T06:47:34
No_Historian2784,1387,1231,1163,68,False,False,1,1,2,2025-08-23T11:22:34,2025-08-23T11:22:34
roanwolf75,2953,11235,7702,3533,False,True,6,6,12,2024-12-31T01:32:28,2025-08-19T20:35:28
joeyc1224,709,16,9,7,False,False,1,1,2,2025-08-05T19:45:48,2025-08-05T19:45:48
Tight_Antelope_7144,207,2724,973,1751,False,False,1,1,3,2025-07-12T05:00:06,2025-07-12T05:00:06
bahrain_gemstones,818,1180,731,449,False,False,1,1,2,2025-07-11T15:56:09,2025-07-11T15:56:09
spacezoned,3400,378,85,293,False,False,1,1,1,2025-07-10T04:13:36,2025-07-10T04:13:36
shayla77777,456,3,2,1,False,False,1,1,2,2025-06-24T16:23:51,2025-06-24T16:23:51
buergimeister,621,93,45,48,False,False,1,1,2,2025-06-04T14:49:18,2025-06-04T14:49:18
That-Dude-25,1675,2820,2267,553,False,False,2,2,4,2025-04-11T05:20:51,2025-05-23T23:38:42
thehappypuppers,2152,9,1,8,False,True,1,1,1,2025-05-05T16:35:20,2025-05-05T16:35:20
shado_mag,849,19071,18632,439,False,True,1,1,1,2025-03-10T04:46:18,2025-03-10T04:46:18
LittleStroppyMan,1767,322,158,164,False,True,1,1,1,2025-02-13T20:45:12,2025-02-13T20:45:12
Adventurous-Bonus-92,1350,5812,648,5164,False,False,1,1,5,2025-01-25T00:09:57,2025-01-25T00:09:57
Lost-Play-4659,1872,94,62,32,False,False,2,2,2,2025-01-15T01:01:34,2025-01-15T01:34:34
jorgebscomm,693,3561,3547,14,False,True,1,1,1,2025-01-03T15:07:56,2025-01-03T15:07:56
Outrageous-Collar-09,1760,115976,74442,41534,False,True,1,1,2,2024-12-31T23:01:15,2024-12-31T23:01:15
Flesh_Smith,342,9360,7495,1865,False,False,1,1,2,2024-12-31T16:36:29,2024-12-31T16:36:29
haetewealth,20,2330,2330,0,False,False,1,1,2,2025-11-04T17:42:50,2025-11-04T17:42:50
redopink,20,132,132,0,False,False,1,1,2,2025-11-04T15:48:42,2025-11-04T15:48:42
biallemta,28,58,58,0,False,False,1,1,2,2025-10-28T05:55:51,2025-10-28T05:55:51
Glittering-Impact133,152,1,1,0,False,False,1,1,1,2025-06-24T04:46:21,2025-06-24T04:46:21
smastromatteo,1742,46,38,8,False,False,1,1,1,2025-02-19T02:14:48,2025-02-19T02:14:48
UsualWorking4128,492,1845,1279,566,False,True,1,1,1,2024-10-31T07:48:52,2024-10-31T07:48:52
BarboraJirinocova,1475,571,541,30,False,False,1,1,1,2024-10-29T17:28:08,2024-10-29T17:28:08
elizacandle,3799,234009,62410,171599,False,True,13,13,22,2023-07-13T12:00:46,2024-10-23T19:52:53
TopYam9663,1123,2534,645,1889,False,False,1,1,2,2024-10-03T19:58:52,2024-10-03T19:58:52
Unmasking_the_Narc,969,256,222,34,False,True,1,1,1,2024-04-03T08:06:50,2024-04-03T08:06:50
Aurora_egg,1970,53109,16046,37063,False,False,2,2,3,2023-09-06T17:14:17,2024-03-29T14:51:39
Forbidd3nFrvit,700,409,345,64,False,False,1,1,2,2024-01-14T13:21:00,2024-01-14T13:21:00
cedricreeves,2960,2384,1512,872,False,True,2,2,2,2023-09-08T01:30:05,2023-10-20T10:03:10
nosleepforthedreamer,2724,223397,41983,181414,False,True,1,1,2,2023-07-16T06:19:21,2023-07-16T06:19:21
abcphotos,1314,153336,148512,4824,False,False,1,1,2,2025-11-23T11:06:06,2025-11-23T11:06:06
13thBeard,821,4080,3649,431,False,False,1,1,2,2025-11-23T11:05:09,2025-11-23T11:05:09
Secret_Flight_2669,221,16626,10795,5831,False,False,1,1,2,2025-11-23T10:56:48,2025-11-23T10:56:48
souschefdude,5764,3491,645,2846,False,False,1,1,2,2025-11-23T10:48:52,2025-11-23T10:48:52
JellyfishLoud2643,1725,30,13,17,False,False,2,2,4,2025-11-23T04:25:50,2025-11-23T10:45:31
oldburgerguy,1955,21397,18431,2966,False,False,1,1,2,2025-11-23T10:22:23,2025-11-23T10:22:23
OverallBaker3572,169,67438,61614,5824,False,False,1,1,2,2025-11-23T10:07:10,2025-11-23T10:07:10
nephelodusa,2026,66495,45208,21287,False,False,1,1,2,2025-11-23T09:55:25,2025-11-23T09:55:25
9VoltGorilla,3589,277028,237585,39443,False,True,2,2,4,2025-11-23T03:29:41,2025-11-23T09:54:58
broxhachoman,2511,18806,13753,5053,False,False,1,1,7,2025-11-23T09:48:31,2025-11-23T09:48:31
TravelforPictures,1732,280860,257004,23856,True,False,3,3,6,2025-11-23T09:38:24,2025-11-23T09:46:23
Sad_Future3078,894,221,201,20,False,True,1,1,2,2025-11-23T11:19:22,2025-11-23T11:19:22
LorBopBop,1319,2740,1461,1279,False,False,1,1,2,2025-11-23T11:18:53,2025-11-23T11:18:53
speakout5,2140,21986,21232,754,False,False,1,1,2,2025-11-23T10:43:21,2025-11-23T10:43:21
Historical-Pop-9177,679,38434,24122,14312,False,True,1,1,2,2025-11-23T10:14:29,2025-11-23T10:14:29
whyrahwyd,2315,2486,2367,119,False,False,1,1,2,2025-11-23T09:59:13,2025-11-23T09:59:13
probablyalexa,1746,4171,2976,1195,False,False,1,1,2,2025-11-23T09:38:00,2025-11-23T09:38:00
SillycybinSaoirse,1155,6419,5553,866,False,False,1,1,2,2025-11-23T09:31:05,2025-11-23T09:31:05
marlokiuwu,1725,2875,2839,36,False,False,1,1,2,2025-11-23T09:30:24,2025-11-23T09:30:24
MechanicOk375,1858,7055,2803,4252,False,False,2,2,4,2025-11-23T09:04:15,2025-11-23T09:09:58
GonzoNick13,1769,602,592,10,False,True,1,1,2,2025-11-23T08:50:42,2025-11-23T08:50:42
Clevererer,5269,212959,14868,198091,False,True,1,1,1,2025-11-23T08:48:29,2025-11-23T08:48:29
domiboshoi,279,55263,52164,3099,False,False,1,1,2,2025-11-23T08:17:11,2025-11-23T08:17:11
stringbender65,351,293,247,46,False,False,1,1,2,2025-11-23T07:33:57,2025-11-23T07:33:57
Ch1nchillaRage_,1527,32340,30581,1759,False,False,1,1,2,2025-11-23T07:08:42,2025-11-23T07:08:42
awanderertarot,2123,46375,38751,7624,False,False,1,1,2,2025-11-23T06:56:14,2025-11-23T06:56:14
crakahman,2739,12914,12724,190,False,False,1,1,2,2025-11-23T06:46:22,2025-11-23T06:46:22
Emotional_Alarm8279,1730,22819,17004,5815,False,False,1,1,2,2025-11-23T06:38:54,2025-11-23T06:38:54
ruka_Z,1035,1744,988,756,False,False,1,1,2,2025-11-23T06:30:20,2025-11-23T06:30:20
dtfdallas,706,1289,1199,90,False,False,1,1,2,2025-11-23T05:57:52,2025-11-23T05:57:52
bhavnamisra,1707,52108,48621,3487,False,True,1,1,2,2025-11-23T05:53:41,2025-11-23T05:53:41
ktcat146,1804,27293,19951,7342,False,False,1,1,2,2025-11-23T05:47:16,2025-11-23T05:47:16
LobsterSaucey,4728,8123,6929,1194,False,False,1,1,2,2025-11-23T05:36:23,2025-11-23T05:36:23
Leteramma,2452,20195,18994,1201,False,False,1,1,2,2025-11-23T05:36:21,2025-11-23T05:36:21
Silent-Impressions,413,22570,22212,358,False,False,1,1,2,2025-11-23T04:19:47,2025-11-23T04:19:47
Calm_Eagle_5927,1757,690,676,14,False,False,1,1,2,2025-11-23T04:11:48,2025-11-23T04:11:48
galld011,3597,1265,867,398,False,False,1,1,2,2025-11-23T03:36:56,2025-11-23T03:36:56
Educational_Bit8972,1617,56684,45324,11360,False,False,1,1,2,2025-11-23T03:33:37,2025-11-23T03:33:37
mich-spich,2209,152281,148865,3416,False,False,1,1,2,2025-11-23T03:10:41,2025-11-23T03:10:41
eyesuck420,2454,16775,5341,11434,False,False,1,1,2,2025-11-23T03:03:50,2025-11-23T03:03:50
Syscrush,3338,512603,27941,484662,False,True,1,1,1,2025-11-20T10:35:15,2025-11-20T10:35:15
nationalgeographic,3012,648452,525526,122926,False,True,1,1,1,2025-11-19T22:21:29,2025-11-19T22:21:29
TestFlightBeta,3418,37867,6590,31277,False,True,1,1,1,2025-11-17T02:30:42,2025-11-17T02:30:42
Firefoxagain,1880,4,3,1,False,False,1,1,1,2025-11-15T23:53:07,2025-11-15T23:53:07
InternetBroad,1935,2116,2015,101,False,False,1,1,1,2025-11-12T03:07:00,2025-11-12T03:07:00
TheTracyTimes,1337,48,2,46,False,False,1,1,1,2025-11-11T12:17:45,2025-11-11T12:17:45
clondon,5430,90853,58457,32396,False,True,2,2,2,2025-10-27T19:31:48,2025-11-10T23:34:40
thehumanpulse,1426,468,278,190,False,False,1,1,1,2025-11-10T22:24:22,2025-11-10T22:24:22
Alestew09,1727,23,1,22,False,False,1,1,1,2025-11-10T16:54:36,2025-11-10T16:54:36
cnn,1033,423525,371782,51743,False,False,1,1,1,2025-11-09T23:06:09,2025-11-09T23:06:09
edwardianpug,2080,50458,38126,12332,False,True,1,1,1,2025-11-07T18:23:27,2025-11-07T18:23:27
nothximjustbrowsin,2140,24950,4466,20484,False,False,1,1,1,2025-11-07T09:41:05,2025-11-07T09:41:05
lasagna165,729,17577,15991,1586,False,True,1,1,1,2025-11-07T08:02:04,2025-11-07T08:02:04
onemansbrand,3328,4667,2277,2390,False,True,1,1,1,2025-11-06T16:01:18,2025-11-06T16:01:18
qtx,5999,519433,33926,485507,False,True,1,1,1,2025-11-06T06:50:13,2025-11-06T06:50:13
DaveM_Neo,180,359,263,96,False,True,1,1,1,2025-11-06T05:57:07,2025-11-06T05:57:07
404mediaco,19,5982,4071,1911,False,False,1,1,1,2025-11-04T05:50:43,2025-11-04T05:50:43
popepaulpop,970,9012,747,8265,False,False,1,1,1,2025-10-31T21:17:46,2025-10-31T21:17:46
TylerFortier_Photo,825,237555,215120,22435,False,False,1,1,1,2025-10-29T21:23:56,2025-10-29T21:23:56
Movie-Kino,1366,54583,54265,318,False,True,1,1,1,2025-10-29T19:47:00,2025-10-29T19:47:00
tarmpaket,4513,3846,3311,535,False,False,1,1,1,2025-10-29T17:05:41,2025-10-29T17:05:41
Federal-Okra13,1391,176,118,58,False,False,1,1,1,2025-10-29T16:42:23,2025-10-29T16:42:23
AQuietMan,5103,60148,3765,56383,False,False,1,1,1,2025-10-29T02:07:10,2025-10-29T02:07:10
nyccameraman,1846,2270,427,1843,False,False,1,1,1,2025-10-28T00:26:55,2025-10-28T00:26:55
MoistLoveMuscle,2548,2047,845,1202,False,False,1,1,1,2025-10-26T12:23:43,2025-10-26T12:23:43
Rathauda,2377,1359,640,719,False,False,1,1,1,2025-10-26T03:15:26,2025-10-26T03:15:26
The_Tripper,4587,3355,258,3097,True,False,1,1,1,2025-10-26T02:34:54,2025-10-26T02:34:54
roxgib_,564,18961,2349,16612,False,False,1,1,1,2025-10-25T11:49:04,2025-10-25T11:49:04
brvnter,3529,606,68,538,False,False,1,1,1,2025-10-23T09:50:20,2025-10-23T09:50:20
Popular-Scholar-7781,19,307,291,16,False,False,1,1,2,2025-11-23T11:17:15,2025-11-23T11:17:15
redcccp,3403,190007,163884,26123,False,False,1,1,2,2025-11-23T11:00:20,2025-11-23T11:00:20
FrankFJohnson,2004,43997,42165,1832,False,False,3,3,6,2025-11-23T04:29:38,2025-11-23T10:56:47
UUUGGHH,4767,4486,4393,93,False,False,1,1,2,2025-11-23T10:27:56,2025-11-23T10:27:56
carrion34,501,11639,2270,9369,False,False,1,1,2,2025-11-23T10:04:35,2025-11-23T10:04:35
philosophicalpossum,1112,22948,17306,5642,False,False,1,1,2,2025-11-23T09:57:51,2025-11-23T09:57:51
No_Foundation_48,5,90,90,0,False,False,1,1,2,2025-11-23T09:51:22,2025-11-23T09:51:22
xscorpio12x,3319,20503,11201,9302,False,False,1,1,2,2025-11-23T08:52:43,2025-11-23T08:52:43
Fizzy_Reyden,1799,46,13,33,False,False,1,1,2,2025-11-23T08:37:45,2025-11-23T08:37:45
ZeroFksSir,2,38,38,0,False,False,1,1,2,2025-11-23T08:37:27,2025-11-23T08:37:27
Lezflano1,272,1421,821,600,False,False,1,1,2,2025-11-23T08:28:34,2025-11-23T08:28:34
jperridv,1909,2593,2389,204,False,False,1,1,2,2025-11-23T08:26:43,2025-11-23T08:26:43
Gapster11,1897,2691,2606,85,False,False,1,1,2,2025-11-23T08:10:57,2025-11-23T08:10:57
duckleydoesart,1527,19020,18123,897,False,False,1,1,2,2025-11-23T07:43:22,2025-11-23T07:43:22
UrUncleRandy,2117,31330,14248,17082,False,False,1,1,2,2025-11-23T07:39:50,2025-11-23T07:39:50
Roger_Brown92,1717,20377,10955,9422,False,False,1,1,2,2025-11-23T07:05:04,2025-11-23T07:05:04
redditchipp5801,1465,356,231,125,False,False,1,1,2,2025-11-23T06:40:16,2025-11-23T06:40:16
madmartigan2020,1918,66468,26776,39692,False,True,1,1,2,2025-11-23T06:24:32,2025-11-23T06:24:32
Wimair,3776,139987,136515,3472,False,False,1,1,2,2025-11-23T05:43:13,2025-11-23T05:43:13
thefooleryoftom,4341,303206,63931,239275,False,True,1,1,2,2025-11-23T05:31:12,2025-11-23T05:31:12
TheKatsch,2052,15837,14093,1744,False,False,1,1,2,2025-11-23T04:49:21,2025-11-23T04:49:21
l3v3c,1901,28855,26374,2481,False,False,1,1,2,2025-11-23T04:10:34,2025-11-23T04:10:34
brytonslc_photo,11,225,212,13,False,False,1,1,2,2025-11-23T03:55:53,2025-11-23T03:55:53
Ok-Editor1216,1409,846,440,406,False,False,1,1,2,2025-11-23T03:54:32,2025-11-23T03:54:32
ShortAndBadCircuit,348,65,65,0,False,False,1,1,2,2025-11-23T03:46:01,2025-11-23T03:46:01
declanharper804,395,2937,2869,68,True,False,1,1,2,2025-11-23T03:41:24,2025-11-23T03:41:24
Jolly-Region2618,344,197,185,12,False,False,1,1,2,2025-11-23T02:48:54,2025-11-23T02:48:54
Cheap-Owl7405,675,1369,1088,281,False,False,1,1,2,2025-11-23T08:01:11,2025-11-23T08:01:11
AceThunderbolt,205,20797,19921,876,False,True,1,1,2,2025-11-21T13:48:26,2025-11-21T13:48:26
but_hillarys_emails,2363,1185,1154,31,False,False,1,1,2,2025-11-21T07:54:36,2025-11-21T07:54:36
PinMyTea,1037,38272,37467,805,False,False,1,1,2,2025-11-19T01:55:48,2025-11-19T01:55:48
narcisister1,384,18766,18641,125,False,True,1,1,2,2025-11-09T07:44:35,2025-11-09T07:44:35
ThisDadsJoke,1553,18881,10025,8856,False,False,2,2,4,2025-08-08T10:45:10,2025-11-07T08:14:58
wrongturnz,1603,134833,134691,142,False,False,1,1,2,2025-11-05T01:21:04,2025-11-05T01:21:04
Sazo__2,149,495,465,30,False,False,1,1,2,2025-11-23T06:20:00,2025-11-23T06:20:00
Applephonessuck,2341,52844,36733,16111,False,True,1,1,2,2025-11-19T10:12:37,2025-11-19T10:12:37
Top_Leadership9575,466,24881,24010,871,False,False,1,1,2,2025-11-18T20:48:48,2025-11-18T20:48:48
OldMinerBitcoin,32,9299,5665,3634,True,False,1,1,2,2025-11-09T03:21:10,2025-11-09T03:21:10
Elmiguelokids,31,210,71,139,False,False,1,1,2,2025-11-04T03:32:19,2025-11-04T03:32:19
dp_abolitionist,32,1842,1264,578,False,True,1,1,2,2025-10-31T01:46:58,2025-10-31T01:46:58
TheSilentPeep,1759,1937,1840,97,False,True,1,1,2,2025-10-26T07:49:34,2025-10-26T07:49:34
instantapps,595,430,403,27,False,False,1,1,2,2025-10-23T07:13:04,2025-10-23T07:13:04
chickichanga,2023,45939,32771,13168,False,True,1,1,2,2025-10-19T11:08:36,2025-10-19T11:08:36
Naturbabygirl,53,1055,691,364,False,False,1,1,2,2025-10-12T22:23:06,2025-10-12T22:23:06
SmoothBrainApe89,1756,4789,585,4204,False,False,1,1,2,2025-10-05T19:14:19,2025-10-05T19:14:19
Ok-Preparation8256,429,2211,1169,1042,False,False,1,1,2,2025-09-13T02:38:40,2025-09-13T02:38:40
RealistMind,1957,16138,15458,680,False,True,1,1,2,2025-09-05T09:20:09,2025-09-05T09:20:09
numbatu2,1912,33946,31149,2797,False,False,1,1,2,2025-09-01T01:59:15,2025-09-01T01:59:15
Patecatli,1907,16398,11804,4594,False,False,1,1,2,2025-08-27T22:49:16,2025-08-27T22:49:16
Brief-Buy9191,1908,8541,4917,3624,False,False,1,1,2,2025-07-31T04:32:13,2025-07-31T04:32:13
Fraegtgaortd,932,50517,25182,25335,False,False,1,1,2,2025-07-24T11:34:07,2025-07-24T11:34:07
omegacrunch,5355,205418,2096,203322,False,False,1,1,2,2025-07-23T05:51:05,2025-07-23T05:51:05
Jack_Straw_1974,1756,3161,2356,805,False,False,1,1,2,2025-07-14T08:57:48,2025-07-14T08:57:48
Count_Dongula,3913,258712,23351,235361,False,False,1,1,2,2025-07-12T22:45:25,2025-07-12T22:45:25
runsredlights,4838,1549,180,1369,False,False,1,1,2,2025-07-05T11:28:13,2025-07-05T11:28:13
hkzqgfswavvukwsw,2406,108177,70886,37291,False,False,1,1,2,2025-07-05T08:20:07,2025-07-05T08:20:07
Hatstule,1803,1814,1283,531,False,False,1,1,2,2025-07-03T14:42:52,2025-07-03T14:42:52
Dry_Growth7823,0,0,0,0,False,False,1,1,2,2025-07-01T07:03:56,2025-07-01T07:03:56
MilanKucan,0,0,0,0,False,False,1,1,2,2025-06-28T02:17:41,2025-06-28T02:17:41
CFRNEdmonton,974,8565,1611,6954,False,False,1,1,2,2025-06-09T14:50:13,2025-06-09T14:50:13
Seniorhusky1,1827,25384,21603,3781,False,False,1,1,2,2025-06-05T15:31:03,2025-06-05T15:31:03
Trout_Gaming,442,1740,169,1571,False,False,1,1,2,2025-05-28T12:48:24,2025-05-28T12:48:24
ShadyStitch,558,193,181,12,False,False,1,1,2,2025-05-27T10:24:02,2025-05-27T10:24:02
Austinmc3232,2503,126,80,46,False,False,1,1,2,2025-05-26T06:07:39,2025-05-26T06:07:39
TripTilt,697,1047,892,155,False,False,4,4,4,2024-01-22T20:27:07,2024-07-05T04:15:50
toxictuba_,2566,8808,7871,937,False,False,3,3,3,2023-09-24T22:44:36,2023-11-27T22:42:23
SugarBabeSeeksLuv,0,0,0,0,False,False,1,1,8,2023-05-26T23:25:32,2023-05-26T23:25:32
Imagination2AI,961,694,24,670,False,False,2,2,2,2023-05-23T18:17:21,2023-05-23T22:36:28
redstrawberrypie,4192,58107,48381,9726,False,True,1,1,1,2023-02-25T16:43:00,2023-02-25T16:43:00
joyhan,3169,6960,13,6947,False,False,1,1,1,2022-12-26T00:12:21,2022-12-26T00:12:21
abandonedxearth,2052,145560,115098,30462,False,False,1,1,2,2022-12-15T11:08:31,2022-12-15T11:08:31
Main_Picture_3156,1091,439,420,19,False,False,1,1,2,2022-11-30T22:17:30,2022-11-30T22:17:30
AndyCrawfordPhotos,2934,5262,4819,443,False,False,1,1,2,2022-11-09T19:49:44,2022-11-09T19:49:44
Paltry_Poetaster,1682,96630,43259,53371,False,True,1,1,2,2022-11-06T09:55:16,2022-11-06T09:55:16
KmountainDew,4103,8335,7101,1234,False,False,1,1,1,2022-08-30T07:32:31,2022-08-30T07:32:31
LambLorb,1468,1895,653,1242,False,False,1,1,2,2022-07-01T04:43:10,2022-07-01T04:43:10
Tearoffyourskin,0,0,0,0,False,False,1,1,1,2022-05-28T07:08:40,2022-05-28T07:08:40
gmc3101,4198,52413,51778,635,False,True,1,1,2,2022-05-07T05:09:12,2022-05-07T05:09:12
eureka_yess,1579,30223,29490,733,False,False,1,1,1,2022-04-22T23:31:31,2022-04-22T23:31:31
Abek243,3644,8411,1574,6837,False,True,1,1,2,2022-04-21T09:08:49,2022-04-21T09:08:49
GiantsXLII,0,0,0,0,False,False,1,1,2,2022-01-22T12:27:06,2022-01-22T12:27:06
Pwned_Fish,1753,19252,18857,395,False,True,1,1,2,2021-11-16T05:47:51,2021-11-16T05:47:51
Twinklesuperpalm,2845,3506,3475,31,False,True,1,1,1,2021-09-17T15:43:18,2021-09-17T15:43:18
AJDeadshow,2195,9294,2509,6785,False,True,1,1,2,2021-08-22T14:12:46,2021-08-22T14:12:46
ThatParticularPencil,1626,24366,15648,8718,False,True,1,1,2,2021-08-14T03:34:22,2021-08-14T03:34:22
MindYourSkin,1800,5421,4271,1150,False,False,1,1,2,2021-08-02T17:18:15,2021-08-02T17:18:15
unix_rust2,563,8776,8007,769,False,False,6,6,97,2025-11-18T14:12:08,2025-11-22T19:40:40
Inner_Speaker_335,1840,3106,2399,707,False,False,7,7,14,2025-11-16T13:50:42,2025-11-22T13:37:01
FudgeKnife64,2241,11059,10657,402,False,False,1,1,2,2025-11-22T05:45:12,2025-11-22T05:45:12
roaringfee,746,293,165,128,False,False,1,1,2,2025-11-22T02:45:05,2025-11-22T02:45:05
badbuoy,2135,113143,111253,1890,False,False,3,3,23,2025-11-16T22:49:04,2025-11-21T21:46:47
has_some_chill,2081,65789,64165,1624,False,True,2,2,4,2025-11-18T05:52:10,2025-11-21T03:10:58
acoolrocket,4097,1047629,1006491,41138,False,True,6,6,13,2025-11-17T07:07:01,2025-11-18T18:33:31
Lan_Sulu,69,115,106,9,False,False,1,1,2,2025-11-17T22:13:19,2025-11-17T22:13:19
Darmelee,2149,344,278,66,False,False,2,2,4,2025-11-16T20:40:07,2025-11-17T10:56:52
shootthesound,5036,52419,42107,10312,False,True,1,1,19,2025-11-16T06:24:28,2025-11-16T06:24:28
Ramoth129,3092,14862,2544,12318,False,False,1,1,2,2025-11-23T07:02:31,2025-11-23T07:02:31
VenomXTs,3262,503692,437966,65726,True,True,3,3,6,2025-11-15T22:21:30,2025-11-23T06:27:04
FloatyFloatyCloud,972,110249,96960,13289,False,False,1,1,15,2025-11-23T05:14:48,2025-11-23T05:14:48
Mint_Perspective,1701,2073131,2056875,16256,False,True,2,2,5,2025-11-20T07:31:05,2025-11-23T04:06:14
Sharp-Ad-9221,922,14618,11169,3449,False,False,2,2,4,2025-11-23T00:28:32,2025-11-23T02:07:31
Fethecat,1152,251582,227521,24061,False,False,3,3,3,2025-11-20T21:13:44,2025-11-23T01:46:22
andrewrimanic,1413,158866,157306,1560,False,False,3,3,6,2025-11-20T20:07:37,2025-11-22T22:26:25
amonaloli12,2363,1010446,979114,31332,False,False,1,1,1,2025-11-22T19:01:45,2025-11-22T19:01:45
Prestigious-Wall5616,869,814385,731888,82497,False,False,3,3,3,2025-11-20T18:31:55,2025-11-22T15:51:28
SingingSkyPhoto,473,81300,79409,1891,False,False,1,1,20,2025-11-22T12:13:12,2025-11-22T12:13:12
ProfEarth,1719,27153,26304,849,False,False,2,2,3,2025-11-22T05:17:50,2025-11-22T05:23:07
StripedAssassiN-,1005,290706,223118,67588,False,True,1,1,6,2025-11-22T04:48:09,2025-11-22T04:48:09
Beneath_The_Waves_VI,1152,135253,123847,11406,False,True,1,1,1,2025-11-22T04:24:19,2025-11-22T04:24:19
Amazing-Edu2023,823,275253,256672,18581,False,False,2,2,4,2025-11-21T00:44:15,2025-11-22T00:31:08
therra123,1235,1739596,1696550,43046,False,False,1,1,1,2025-11-21T23:30:11,2025-11-21T23:30:11
SystematicApproach,3419,464598,424707,39891,True,True,1,1,2,2025-11-21T08:44:35,2025-11-21T08:44:35
tuyaux1105,2021,41564,35811,5753,False,False,1,1,4,2025-11-21T06:35:26,2025-11-21T06:35:26
carthuscrass,2548,104742,30021,74721,False,False,2,2,9,2025-11-20T07:35:27,2025-11-21T05:18:27
VectorChing101,1970,152250,134441,17809,False,True,1,1,1,2025-11-20T19:25:02,2025-11-20T19:25:02
redditsdaddio,3092,892267,850171,42096,False,True,1,1,2,2025-11-20T10:14:48,2025-11-20T10:14:48
AnDourgi,245,27121,25418,1703,False,False,1,1,2,2025-11-20T07:02:53,2025-11-20T07:02:53
SkiGolfDive,393,51061,49667,1394,False,False,1,1,2,2025-11-23T08:26:13,2025-11-23T08:26:13
indieaz,6353,328320,284396,43924,False,False,1,1,2,2025-11-23T05:41:06,2025-11-23T05:41:06
dirtyrabbitmk1,2560,2893,2528,365,False,False,1,1,2,2025-11-23T03:13:12,2025-11-23T03:13:12
valueinvestor13,1479,140238,139245,993,False,False,1,1,2,2025-11-23T02:23:56,2025-11-23T02:23:56
Manfredhoffman,2384,64494,51778,12716,False,False,1,1,2,2025-11-23T00:19:46,2025-11-23T00:19:46
hopefulmonstr,4026,62102,46917,15185,False,False,1,1,2,2025-11-23T00:08:44,2025-11-23T00:08:44
ArkansasWanderlust,2213,36797,36006,791,False,False,3,3,6,2025-11-21T22:09:38,2025-11-22T23:50:02
thephlog,4085,296744,279634,17110,False,True,1,1,2,2025-11-22T22:08:05,2025-11-22T22:08:05
holy-shot,2752,715572,707350,8222,False,False,1,1,2,2025-11-22T20:59:04,2025-11-22T20:59:04
TechnicalAd541,1856,1585,890,695,False,False,1,1,2,2025-11-22T18:34:06,2025-11-22T18:34:06
miminnal,6,459,465,-6,False,False,2,2,4,2025-11-22T07:09:15,2025-11-22T16:23:20
doctorbobster,4251,41303,30816,10487,False,False,1,1,2,2025-11-22T16:14:41,2025-11-22T16:14:41
ohitschelle,1138,296,272,24,False,False,1,1,2,2025-11-23T06:34:32,2025-11-23T06:34:32
MatureSuzyCheesecake,403,61143,58239,2904,False,False,7,7,14,2025-11-17T02:46:32,2025-11-23T03:52:22
facebookcansuckit,1770,30829,22045,8784,False,False,1,1,2,2025-11-22T21:15:29,2025-11-22T21:15:29
naveen713,328,179819,178732,1087,False,False,1,1,2,2025-11-22T21:15:22,2025-11-22T21:15:22
yukophotographylife,619,69857,68099,1758,False,True,2,2,4,2025-11-16T10:30:39,2025-11-22T20:32:31
bbrian017,6606,5293,4649,644,True,False,1,1,2,2025-11-22T12:18:43,2025-11-22T12:18:43
RunnerOfTheRoad124,147,6670,6591,79,False,False,3,3,6,2025-11-18T03:45:08,2025-11-22T11:26:00
Lexx_sad_but_true,1864,24781,11717,13064,False,False,1,1,2,2025-11-22T01:28:22,2025-11-22T01:28:22
dentalexaminer,3015,6578,5850,728,False,False,1,1,2,2025-11-21T23:24:26,2025-11-21T23:24:26
post_hazanko,2083,23635,10135,13500,False,False,2,2,4,2025-11-20T00:55:32,2025-11-21T17:27:02
yogurt_Pancake,1458,126183,56186,69997,False,True,1,1,2,2025-11-21T06:52:10,2025-11-21T06:52:10
TheDusai,2268,17639,588,17051,False,False,1,1,2,2025-11-20T18:40:11,2025-11-20T18:40:11
Ok_Emphasis_6757,497,3803,3451,352,False,False,1,1,2,2025-11-20T00:03:57,2025-11-20T00:03:57
_raidboss,3758,105811,104711,1100,False,False,1,1,2,2025-11-19T22:10:33,2025-11-19T22:10:33
The-Unknownian,656,21137,21079,58,False,False,1,1,2,2025-11-19T05:23:54,2025-11-19T05:23:54
ScenicSocietyMedia,51,16054,15890,164,False,True,1,1,2,2025-11-16T14:57:33,2025-11-16T14:57:33
S3xySarah,1307,144342,138966,5376,False,True,1,1,2,2025-11-16T10:37:37,2025-11-16T10:37:37
Legitimate_Coconut_4,1925,7090,6027,1063,False,False,2,2,4,2025-11-20T21:38:42,2025-11-21T23:08:57
Pizzapatron,3623,39740,30456,9284,False,False,1,1,2,2025-11-21T16:58:00,2025-11-21T16:58:00
Rock2Rock,4552,12773,2344,10429,False,True,1,1,1,2025-11-21T11:30:18,2025-11-21T11:30:18
TwoOdd9352,645,3188,546,2642,False,False,1,1,2,2025-11-21T08:21:15,2025-11-21T08:21:15
Xerzajik,3424,157163,123963,33200,False,True,2,2,4,2025-11-21T02:05:40,2025-11-21T06:07:17
TheSaxonPlan,1793,49796,18824,30972,False,False,1,1,2,2025-11-21T05:08:06,2025-11-21T05:08:06
dinobot100,4815,117889,93090,24799,False,True,1,1,2,2025-11-21T00:30:54,2025-11-21T00:30:54
shaylynn93,4803,27455,23798,3657,False,False,1,1,2,2025-11-23T09:33:24,2025-11-23T09:33:24
NastyNice1,412,151698,150250,1448,False,False,1,1,2,2025-11-23T09:01:11,2025-11-23T09:01:11
FlowersOnThePath,118,190,182,8,False,False,1,1,2,2025-11-23T08:54:34,2025-11-23T08:54:34
monday_madrigal,5870,24921,10051,14870,False,False,1,1,3,2025-11-23T07:41:35,2025-11-23T07:41:35
TinyHomeGnome,3631,13656,7267,6389,False,False,1,1,2,2025-11-23T07:24:35,2025-11-23T07:24:35
_icecoldst,110,16497,16238,259,False,False,1,1,2,2025-11-23T07:03:36,2025-11-23T07:03:36
concretetroll60,1779,13039,358,12681,False,False,1,1,2,2025-11-23T06:45:07,2025-11-23T06:45:07
danthoms,5224,485685,458461,27224,False,False,1,1,2,2025-11-23T06:24:36,2025-11-23T06:24:36
Mekmekz,1773,60,60,0,False,False,1,1,2,2025-11-23T06:09:38,2025-11-23T06:09:38
Supergamera,3818,63128,8959,54169,False,False,1,1,2,2025-11-23T05:51:20,2025-11-23T05:51:20
ohmyschmax,4130,14322,13334,988,False,False,1,1,2,2025-11-23T05:44:51,2025-11-23T05:44:51
Helpinmontana,2436,200303,8402,191901,False,True,1,1,2,2025-11-23T05:05:33,2025-11-23T05:05:33
Acrobatic_Soup5358,1511,1817,1321,496,False,False,1,1,2,2025-11-23T04:51:33,2025-11-23T04:51:33
backmost,4271,27890,12036,15854,False,False,1,1,2,2025-11-23T04:44:59,2025-11-23T04:44:59
JustalittleCutie8,794,1091,972,119,False,False,1,1,2,2025-11-23T04:04:13,2025-11-23T04:04:13
CantStopCackling,487,21681,5938,15743,False,True,1,1,2,2025-11-23T03:30:18,2025-11-23T03:30:18
No_Refrigerator_1632,1349,81686,10807,70879,False,False,1,1,2,2025-11-23T03:06:40,2025-11-23T03:06:40
DiamondsInMyMuff,283,7272,6800,472,False,False,1,1,2,2025-10-29T22:02:41,2025-10-29T22:02:41
1boobStillGood,1066,42357,39763,2594,False,False,1,1,2,2025-10-29T04:37:21,2025-10-29T04:37:21
cryptic_lens,51,1831,1694,137,False,True,1,1,2,2025-10-26T02:32:15,2025-10-26T02:32:15
WhiteOutIsRacist,2337,41276,40494,782,False,False,1,1,2,2025-10-26T02:19:13,2025-10-26T02:19:13
Amazing_Syrup5143,30,12,12,0,False,False,1,1,2,2025-10-23T12:24:17,2025-10-23T12:24:17
pr0si0nalizm,2403,17663,14983,2680,False,False,1,1,2,2025-10-22T17:33:16,2025-10-22T17:33:16
International-Self47,1377,13747,13715,32,False,True,1,1,2,2025-10-16T02:58:53,2025-10-16T02:58:53
DullWrist,1551,30500,29327,1173,False,False,1,1,2,2025-10-08T21:57:54,2025-10-08T21:57:54
Tingle-My-Dingle,809,6579,6389,190,False,False,2,2,4,2025-09-04T02:26:28,2025-10-08T04:01:09
Chemical_Ebb4585,53,137,61,76,False,False,1,1,3,2025-10-04T05:37:27,2025-10-04T05:37:27
NikaNoytoya,905,15275,14979,296,False,False,1,1,2,2025-10-01T21:41:38,2025-10-01T21:41:38
DoctoralCunt,1555,25514,23690,1824,False,False,1,1,2,2025-10-01T03:02:40,2025-10-01T03:02:40
rveillon,2789,26066,25052,1014,False,False,1,1,15,2025-09-18T21:53:33,2025-09-18T21:53:33
SammyShurasShit,893,21529,21062,467,False,False,1,1,2,2025-09-05T22:02:59,2025-09-05T22:02:59
FrankWanders,602,32272,29371,2901,False,True,1,1,2,2025-08-30T02:45:00,2025-08-30T02:45:00
DragonishBalls,1549,12464,12032,432,False,False,1,1,2,2025-08-18T22:11:03,2025-08-18T22:11:03
Suzie_Skywarp,887,8234,7873,361,False,False,1,1,2,2025-08-15T21:54:05,2025-08-15T21:54:05
Spirited-Ad9021,1734,385,209,176,False,False,1,1,2,2025-08-14T01:54:10,2025-08-14T01:54:10
2tooORtutu,803,25895,25162,733,False,False,1,1,4,2025-08-09T01:39:26,2025-08-09T01:39:26
_T42_,1724,3074,432,2642,False,True,1,1,2,2025-08-06T02:35:57,2025-08-06T02:35:57
sravzz,3392,23002,22962,40,False,False,1,1,2,2025-11-22T15:13:05,2025-11-22T15:13:05
2kuul4youuu,1955,273019,256667,16352,False,False,1,1,2,2025-11-22T10:53:47,2025-11-22T10:53:47
william_patino,3341,340346,333531,6815,False,False,1,1,2,2025-11-22T02:43:11,2025-11-22T02:43:11
benunfairchild,3285,83153,67571,15582,False,False,1,1,2,2025-11-22T02:08:51,2025-11-22T02:08:51
catand_ac,2225,9626,9617,9,False,False,1,1,2,2025-11-22T01:37:46,2025-11-22T01:37:46
RelationshipTall1735,953,11255,9868,1387,False,False,1,1,2,2025-11-21T21:51:56,2025-11-21T21:51:56
lovelyb1ch66,2570,725114,491459,233655,False,False,1,1,2,2025-11-21T20:05:52,2025-11-21T20:05:52
kairologic,4029,12737,12436,301,False,True,1,1,2,2025-11-21T19:37:05,2025-11-21T19:37:05
Antique_Spot_3070,1758,1213,1170,43,False,False,1,1,2,2025-11-21T17:20:13,2025-11-21T17:20:13
Siddha-Somanomah,202,817,689,128,False,False,1,1,2,2025-11-21T09:35:42,2025-11-21T09:35:42
a_civil_engineer,2182,247,236,11,False,False,1,1,2,2025-11-21T08:44:39,2025-11-21T08:44:39
17reasons,3195,42449,42108,341,False,False,1,1,2,2025-11-21T07:21:48,2025-11-21T07:21:48
brodosphotos,2083,84949,49906,35043,False,False,1,1,2,2025-11-21T07:13:34,2025-11-21T07:13:34
